CuPy 13.6.0 | CUDA_PATH=/appl/cuda/11.8.0
GPU: NVIDIA A100 80GB PCIe MIG 2g.20gb | N=200

Time: 547.82s  |  2.739s/building
Estimated for all 4571: 3.48 h

building_id,mean_temp,std_temp,pct_above_18,pct_below_15
10000,14.012301445007324,6.367422580718994,30.941014791508444,55.542295034537624
10009,11.00022029876709,5.811121463775635,16.6712734948236,74.9723590310584
10014,14.744486808776855,7.0375189781188965,38.26367541377415,52.80837116508215
10019,14.735828399658203,7.030119895935059,38.150171412294895,52.92723370057273
10029,10.616019248962402,6.317334175109863,18.25563221896085,74.51301795448481
10031,12.50716495513916,6.278408050537109,24.044722033998173,66.39365995934361
10051,13.289047241210938,5.999082565307617,25.97693550756574,62.859923608050536
10053,11.366636276245117,6.261168479919434,19.9510754583921,72.41052538787024
10056,14.220141410827637,6.179457187652588,31.763454814173965,57.06174975667784
10064,12.717012405395508,6.9642205238342285,28.792343827502698,62.75688345539249
10075,15.156903266906738,6.440506458282471,39.12088154756647,47.45605511880576
10079,15.09440803527832,7.31386137008667,41.90195034602913,49.44974108309539
10080,15.77782154083252,7.280527114868164,46.36674471691274,44.71005476580028
10082,16.46563148498535,6.71333646774292,48.64349722630506,40.56137689061685
10083,15.639229774475098,7.120798110961914,44.855518923515284,45.886354482120744
10084,15.10062313079834,7.150516033172607,40.90648998644782,50.266526125583496
10085,15.868889808654785,7.192756175994873,46.18303917834116,44.72425614762771
10086,14.391430854797363,7.21561336517334,37.25664572257129,53.01884968583857
10087,15.073267936706543,7.275457859039307,41.532405798190645,49.89713190601896
10089,13.989680290222168,7.276275157928467,35.45861191757374,56.3640146392669
10090,14.289835929870605,6.618788242340088,36.61952237421748,51.19638302805471
10093,14.095303535461426,6.567315578460693,33.37738587863163,56.456225491258095
10094,14.193848609924316,6.761526584625244,35.37240737700432,54.92803589996169
10097,14.353047370910645,6.8623809814453125,37.788040994843,51.308832169201644
10117,15.464977264404297,6.682106018066406,44.11653993826696,44.475394614670385
10119,14.08757495880127,6.751737117767334,35.080178957422206,54.69763233298145
10120,15.281839370727539,8.031455993652344,46.168775716171105,47.71627461636002
10124,13.865659713745117,7.032463550567627,34.5643361911253,56.06951967571834
10126,13.395566940307617,6.636746883392334,29.66113660430639,61.092481468408046
10128,17.42629623413086,6.7063374519348145,56.03287758684896,34.885886045645584
10136,15.423272132873535,7.273066997528076,44.30778965268372,46.891158413002856
10144,12.10727310180664,6.127329349517822,21.81051363157102,68.90219410553799
10145,10.648811340332031,5.892585277557373,16.560690898737782,75.29657397741293
10150,14.960061073303223,7.495471477508545,41.195779166589396,50.740871242327025
10161,13.448745727539062,7.030533790588379,31.809772738844856,59.47317503691508
10165,13.053319931030273,6.732512950897217,29.06502057613169,62.05925925925926
10167,13.231436729431152,6.81486701965332,30.187672922430746,60.85369512317077
10168,13.192380905151367,6.901071548461914,30.320607642062924,60.489969584656045
10174,16.57650375366211,6.9733147621154785,49.40952727221877,41.376441221918455
10176,16.649843215942383,6.857974052429199,49.756586085069685,40.740534676050856
10177,16.618146896362305,6.7875142097473145,49.08904714733207,40.97012128189339
10180,16.484342575073242,6.869673252105713,48.18600984728574,42.14938595229009
10182,16.734254837036133,6.319523334503174,50.86026067076763,37.53446934879446
10198,14.428450584411621,7.342072486877441,38.62776233955273,53.21688500727802
10199,17.24134063720703,6.977039337158203,53.889583871117196,37.673993765016576
10200,12.82244873046875,7.258960247039795,30.6696461426268,61.66377862672028
10201,15.949544906616211,7.2721076011657715,47.055564608114715,44.6491771223725
10202,13.545995712280273,7.495509624481201,34.039803566813134,58.643656679324806
10203,16.803848266601562,6.612288951873779,51.216079868302266,38.888003823482556
10204,14.76451301574707,7.063920974731445,39.03484292776272,51.7308510072822
10205,11.444732666015625,6.667091369628906,23.16808915225755,69.39260602308407
10206,10.122027397155762,6.363273620605469,17.54514804553193,76.32272924525154
10207,11.382472038269043,6.6149396896362305,22.644717520673932,69.82654875073145
10208,9.475895881652832,5.542414665222168,11.935778252454446,82.34503645316245
1021,16.74845314025879,6.3800048828125,48.789713284761454,39.59442161288149
10215,15.46651554107666,7.149685859680176,44.25353739532197,46.60286291819644
10219,14.156474113464355,7.30326509475708,37.30760536752769,54.16846474734398
1022,17.772310256958008,6.221583843231201,57.556159706048824,31.853989403653976
1023,18.97477912902832,5.845216751098633,65.20798246191771,25.13007724659635
1024,18.29116439819336,5.93120813369751,60.49334523012864,28.963119934567626
10243,16.60956573486328,6.202076435089111,48.990305174960156,38.13005395762353
10244,15.56907844543457,6.620886325836182,44.0976569486675,43.51338460621236
10245,16.654632568359375,6.210983753204346,49.194392740809676,37.89407864122848
10247,15.605997085571289,6.618959426879883,44.631281303111884,43.11970761201438
10249,16.12110137939453,6.232148170471191,45.97494021354711,40.456061167435756
1025,17.524023056030273,6.332980632781982,56.016945207392574,33.87365578883665
10251,12.17550277709961,7.589409828186035,29.171162984419073,65.16820961360065
10252,11.992449760437012,7.614762306213379,27.49379605955783,67.02981651376146
10255,11.92491626739502,7.226635456085205,25.799709616860717,67.9699999075213
10257,15.235893249511719,7.293516635894775,40.73577367759786,51.25146463006621
10259,12.643929481506348,7.6286234855651855,30.44855506995968,63.863197479418645
1026,18.54660415649414,5.714205741882324,61.95469798657718,26.8279269202088
10260,13.663018226623535,7.209772109985352,33.647994143733875,58.16685251232114
10262,14.715540885925293,7.445345401763916,39.05535889381928,53.17428661647637
10263,16.738584518432617,7.074241638183594,49.39656870722661,41.793933995151995
10265,15.084721565246582,7.16598653793335,40.79271686411704,50.56452254114654
10267,16.265439987182617,7.476128578186035,48.967021053798675,43.157207445825584
10268,16.93563461303711,6.978287220001221,51.358855384769306,39.75386770389085
10269,18.60085105895996,6.7893829345703125,61.86649419988717,30.435799700017892
1027,14.656554222106934,6.669345378875732,35.63147498353906,52.636667472349785
10276,13.208105087280273,6.971578598022461,30.487818089243735,61.730708814958454
10277,13.537273406982422,7.044741153717041,32.54157615469534,59.4779388198426
10279,13.924583435058594,7.008385181427002,36.13316661456705,55.00260498072315
10281,13.017568588256836,6.874169826507568,31.270833333333332,60.02499999999999
10282,14.265233039855957,6.7883477210998535,37.69318931684785,51.45347827596986
10285,13.978092193603516,7.041006088256836,35.409403063919704,56.59799260433175
10288,14.53920841217041,6.821281909942627,36.32130690412617,53.66646059952386
10291,12.223860740661621,6.737618923187256,25.169879029924175,66.233721132141
10292,11.17977523803711,6.44533634185791,20.07569619667122,72.58501354198013
10303,17.624982833862305,6.581136703491211,55.600641382244184,34.54955986779672
10306,14.25959300994873,7.368378162384033,37.096631336541584,55.584423252930236
1031,12.15367317199707,6.847756385803223,25.77233840304182,66.4448669201521
10311,16.35216522216797,6.581708908081055,48.19244327726122,40.99888802138784
10312,16.432836532592773,6.453779697418213,47.63925540261037,41.26310534198702
10315,16.717966079711914,6.396613597869873,49.79702844281293,39.0241288299996
10316,15.963449478149414,6.603274345397949,44.94471030537573,43.614900621400324
10318,17.495468139648438,6.315972805023193,56.699336073348086,32.08241121298345
10323,14.294840812683105,7.366386890411377,38.07162799653413,53.329482365777736
10324,16.409038543701172,7.020607948303223,49.327496510595104,41.42399441695216
10330,14.981225967407227,7.182166576385498,40.825848417149196,49.59801820696364
10334,15.03515338897705,7.1940226554870605,41.30135577668444,48.99463700938128
10337,13.953086853027344,6.840564727783203,33.93233838692507,57.003726120300456
10340,13.433806419372559,7.499990940093994,32.83324760435122,60.38273227791431
10349,13.64667797088623,7.363277912139893,34.23619285559853,58.297499219256736
10350,16.6186466217041,7.269749641418457,50.72491709724686,40.640343435901386
10354,12.31923770904541,6.728480339050293,25.997198537222793,65.03906066389027
10356,12.460429191589355,6.905656337738037,26.986642314854603,64.91638017476006
10357,11.870687484741211,6.857028484344482,23.799657771817046,69.15044165934422
10363,15.905241012573242,6.929035186767578,45.715664145286624,44.587073763288934
10366,15.787445068359375,6.835336685180664,43.86508642542161,45.45967610793851
10370,15.606002807617188,7.676825046539307,46.57764975833618,46.1431430942733
10371,12.755927085876465,6.917154788970947,27.564200162403573,63.782734470158346
10372,15.670912742614746,7.173785209655762,44.87172511358381,46.94615991511821
10376,14.448332786560059,6.558152675628662,35.31606570574848,52.730256537288476
10382,16.920082092285156,6.33563232421875,51.09746389173206,36.852546849135045
10386,15.165801048278809,6.705071449279785,39.427018043015906,49.43307463695649
10388,16.38063621520996,6.662715435028076,48.47088737519829,40.79733134272651
10394,14.594071388244629,7.005135536193848,37.90304662074735,52.383317431480435
10396,15.396280288696289,6.995848655700684,42.48930074629505,47.599004939930914
10401,17.07590675354004,6.758441925048828,50.73305554386408,39.63270059065337
10405,17.723709106445312,7.103610515594482,57.473537166017394,34.893558414984454
10417,16.04192543029785,6.70919132232666,45.70313898135223,43.34979777372132
10422,15.1547269821167,7.147910118103027,42.46291620640682,48.33122928830677
10430,14.109079360961914,6.914989471435547,35.354591562509164,55.51798610364608
10437,13.81972599029541,7.791312217712402,37.7450226766085,55.792143900376665
10447,17.15070343017578,6.410465240478516,52.646818531334105,35.815551710880435
10455,15.189699172973633,7.051546096801758,41.825540929036165,48.78007262823423
10456,14.454143524169922,6.62836217880249,36.50077888005247,52.24918695854171
10464,15.158385276794434,6.4723896980285645,39.0125318754155,48.81577250131471
10477,11.997899055480957,7.145117282867432,26.37196486655857,66.94949816474521
10478,12.376503944396973,7.215257167816162,28.429673325832905,65.0338026170422
10483,11.750472068786621,6.865638732910156,23.71454973487932,69.94785593276276
10490,14.560452461242676,7.092153072357178,38.34056761268781,52.98497495826378
10491,17.109729766845703,6.933586120605469,52.198381990854735,39.04326415758002
10493,16.343393325805664,7.001806259155273,47.97093274048512,43.01688953777748
10495,15.858626365661621,6.9450459480285645,44.2064659122392,46.399420326918566
10498,15.246496200561523,6.903397083282471,40.61888804454798,49.745244353643194
10504,16.534177780151367,7.045151710510254,49.48719385753517,41.675727175923335
10507,15.394078254699707,6.956228733062744,41.34511618983669,49.158253195520274
10515,11.172680854797363,6.412261486053467,20.76053442959918,71.11535261586648
10522,13.639469146728516,6.788994312286377,33.11639656611933,56.140951810066156
10524,14.489500999450684,6.388100624084473,35.66032098343862,52.33267884582551
10532,13.534817695617676,6.60952615737915,30.083358336485905,60.319344613016426
10535,14.958759307861328,6.7556657791137695,39.829524624220944,50.058047170964194
10538,16.134431838989258,6.573617458343506,46.4953008574531,42.86703860411128
10541,13.525140762329102,6.619034767150879,30.040469636008567,60.2350532928637
10580,15.127335548400879,7.212159633636475,42.11598454160265,49.36792848163151
10584,13.238627433776855,6.559796333312988,28.496735392976262,61.20719630139986
10587,14.956259727478027,6.713483810424805,40.2808850252486,48.07005688926226
10588,9.07591724395752,5.95179557800293,13.72955945708065,81.29337101033029
10589,13.407163619995117,6.449911594390869,28.63962740151368,61.46710653987968
10593,13.411874771118164,6.587488651275635,29.58602846054334,60.03234152652005
10594,11.579572677612305,6.4625959396362305,21.64750957854406,70.36519277898589
10604,14.229135513305664,7.058420181274414,36.27073884838395,53.264634403046486
10605,14.455704689025879,6.6253557205200195,36.37430731853793,52.64788578603991
10608,15.183473587036133,6.703762531280518,40.465372835348596,48.480933648807536
10609,14.408930778503418,6.656981468200684,36.33891040962664,52.794032803098986
10611,12.363055229187012,6.776087760925293,26.12592231658082,66.43289711819574
10612,15.470565795898438,6.442408561706543,40.85273596098793,46.910274412478635
10614,15.505398750305176,6.958238124847412,44.02564335727926,46.23897426570883
10618,15.1488037109375,6.853470325469971,39.46096584275869,49.65164886205295
10628,12.161787986755371,6.666449069976807,24.749679520493366,65.74160690156948
10633,17.077043533325195,7.045073986053467,53.481959176527226,37.56401464859423
10634,18.364299774169922,6.233731746673584,61.22995008319467,28.69750415973378
10637,16.504323959350586,7.140585422515869,50.59897840542412,40.68088886566423
10649,13.885367393493652,7.152589321136475,34.729311575996405,56.83399010869853
10650,14.889649391174316,7.150279521942139,40.04269797851758,50.71185536059777
10651,14.974954605102539,6.353879928588867,38.16889202250327,50.058020828743075
10653,13.929059028625488,7.150380611419678,35.39890679430174,55.9956385057634
10655,14.713981628417969,7.235665798187256,41.10040070613949,50.99055678538404
10678,13.676169395446777,6.897150993347168,34.083051414550724,56.61920517491357
10682,10.159560203552246,6.041647911071777,15.951904862134286,77.50868238265627
10691,14.798828125,6.693018436431885,37.96063232614717,50.22169329443608
10692,13.64543342590332,6.92667818069458,32.27807691489135,59.5622193372635
10696,11.381538391113281,6.9399919509887695,22.12135227871656,71.94978971485119
10700,13.044123649597168,6.940649032592773,29.589003782045236,62.056971639899004
10701,17.361114501953125,6.333968639373779,53.384649793118875,34.78398628247661
10702,16.868206024169922,6.711927890777588,50.717151074780496,38.93997880714502
10705,15.926460266113281,7.041932106018066,47.39586396157993,43.72047437028325
10706,16.279890060424805,6.383468151092529,47.03412176019063,40.27031777964413
10707,16.013303756713867,6.656618118286133,46.35311218397965,41.99449722265483
10708,14.388252258300781,6.918488502502441,37.03792651161073,52.71655797971587
10709,16.097354888916016,7.06657075881958,47.54662944769707,43.19998549910275
10712,14.697277069091797,6.5685343742370605,37.537434835656455,51.4132805856472
10714,14.427200317382812,6.825863838195801,37.05998779156878,52.37232015685984
10715,12.633795738220215,6.989439964294434,29.371966986645887,62.53409372675428
10721,13.745685577392578,7.0855302810668945,34.22825565844919,56.718225631450125
10722,14.671184539794922,7.012063980102539,38.20371897041312,51.991389575890814
10724,14.312199592590332,6.859603404998779,36.72044781033915,53.282844912742846
10726,13.658663749694824,7.069301128387451,32.273570006180044,58.74182124954631
10733,14.44749641418457,7.245193958282471,37.93120984556966,53.70141207980878
10737,14.075912475585938,6.93366813659668,34.34533227848101,56.942246835443036
10739,13.265710830688477,6.7422332763671875,30.012648059206594,60.771360691883025
10742,16.436962127685547,6.6471171379089355,47.09053232897426,42.47990815154994
10765,15.06117057800293,6.941506862640381,40.537078036767085,50.33582924948382
10769,16.283647537231445,7.232767581939697,47.98753122271186,43.66508945433869
10772,13.973686218261719,7.2107648849487305,35.23887579824472,55.93803002879941
10773,16.234622955322266,7.2542724609375,48.029328115860174,43.79349295036005
10776,13.399904251098633,6.906896114349365,31.26334196302857,58.92492165145116
10782,16.916873931884766,7.200471878051758,52.33809668592278,39.9523664741056
